{
  "id": "eed0bbbc-fe62-4b15-bd10-074a0eeb54c4",
  "name": "time - delivery-time",
  "auto": true,
  "contexts": [
    "delivery-time"
  ],
  "templates": [
    "@sys.date:date",
    "@sys.time:time",
    "@sys.date-time:date-time"
  ],
  "responses": [
    {
      "speech": "Thank you for your order!",
      "affectedContexts": [],
      "parameters": [
        {
          "name": "date-time",
          "value": "$date-time",
          "defaultValue": ""
        },
        {
          "name": "time",
          "value": "$time",
          "defaultValue": ""
        },
        {
          "name": "date",
          "value": "$date",
          "defaultValue": ""
        }
      ]
    }
  ],
  "state": "LOADED"
}