{
  "id": "c20021cd-6bfd-4e2f-9780-7af8cd8558a2",
  "name": "sauce",
  "isOverridable": false,
  "entries": [
    {
      "value": "alfredo",
      "synonyms": [
        "alfredo"
      ]
    },
    {
      "value": "bbq",
      "synonyms": [
        "bbq",
        "barbeque"
      ]
    },
    {
      "value": "bechamel",
      "synonyms": [
        "bechamel"
      ]
    },
    {
      "value": "curry",
      "synonyms": [
        "curry"
      ]
    },
    {
      "value": "garlic oil",
      "synonyms": [
        " garlic oil",
        " garlic and oil",
        " garlic n oil"
      ]
    },
    {
      "value": "garlic aioli",
      "synonyms": [
        "garlic aioli"
      ]
    },
    {
      "value": "marinara",
      "synonyms": [
        " marinara",
        " classic marinara"
      ]
    },
    {
      "value": "pesto",
      "synonyms": [
        "pesto"
      ]
    },
    {
      "value": "ranch",
      "synonyms": [
        "ranch"
      ]
    },
    {
      "value": "salsa",
      "synonyms": [
        "salsa"
      ]
    },
    {
      "value": "tomato",
      "synonyms": [
        " tomato",
        " classic tomato"
      ]
    },
    {
      "value": "no",
      "synonyms": [
        " no sauce",
        " without sauce"
      ]
    }
  ]
}