{
  "id": "6824b33d-e748-4e77-94bf-048a4283c1a1",
  "name": "type",
  "isOverridable": false,
  "entries": [
    {
      "value": "capricciosa",
      "synonyms": [
        "capricciosa"
      ]
    },
    {
      "value": "quattro stagioni",
      "synonyms": [
        "quattro stagioni"
      ]
    },
    {
      "value": "four cheese",
      "synonyms": [
        " four cheese",
        " quattro formaggi"
      ]
    },
    {
      "value": "vegetarian",
      "synonyms": [
        " vegetarian",
        " vegetariana",
        " vege",
        " veg",
        " veggie",
        " vegetable"
      ]
    },
    {
      "value": "marinara",
      "synonyms": [
        "marinara"
      ]
    },
    {
      "value": "margherita ",
      "synonyms": [
        "margherita "
      ]
    },
    {
      "value": "frutti di mare",
      "synonyms": [
        "frutti di mare"
      ]
    },
    {
      "value": "neapolitan",
      "synonyms": [
        " neapolitan",
        " napolitana"
      ]
    },
    {
      "value": "hawaii",
      "synonyms": [
        " hawaii",
        " hawaiian"
      ]
    },
    {
      "value": "calzone",
      "synonyms": [
        " calzone",
        " stuffed"
      ]
    },
    {
      "value": "bolognese",
      "synonyms": [
        "bolognese"
      ]
    },
    {
      "value": "mexican",
      "synonyms": [
        " mexican",
        " mexicana"
      ]
    },
    {
      "value": "sicilian",
      "synonyms": [
        "sicilian"
      ]
    },
    {
      "value": "new york style",
      "synonyms": [
        "new york style"
      ]
    },
    {
      "value": "italian",
      "synonyms": [
        "italian"
      ]
    },
    {
      "value": "greek",
      "synonyms": [
        " greek",
        " greek style"
      ]
    },
    {
      "value": "deep dish",
      "synonyms": [
        " chicago style",
        " deep dish",
        " chicago deep dish"
      ]
    },
    {
      "value": "detroit style",
      "synonyms": [
        "detroit style"
      ]
    },
    {
      "value": "pepperoni",
      "synonyms": [
        "pepperoni",
        "peperoni"
      ]
    }
  ]
}