{
  "id": "c7f1e0f0-bc50-45d7-9f74-53dfefb236c0",
  "name": "chooseContact-sendMoney",
  "auto": true,
  "contexts": [
    "contact"
  ],
  "userSays": [
    {
      "id": "0ee68e2e-7b0e-4944-8ce7-c25a33f29306",
      "data": [
        {
          "text": "to @sys.given-name:username"
        }
      ],
      "isTemplate": true,
      "count": 0
    },
    {
      "id": "53026916-909a-48a9-b658-f0abebf414af",
      "data": [
        {
          "text": "@sys.email:email"
        }
      ],
      "isTemplate": true,
      "count": 0
    },
    {
      "id": "e702e387-0655-483e-82bc-d6b7c49bfbbb",
      "data": [
        {
          "text": "@sys.given-name:username"
        }
      ],
      "isTemplate": true,
      "count": 0
    },
    {
      "id": "1b7f5049-d351-4b59-8942-35d3f55cf646",
      "data": [
        {
          "text": "To "
        },
        {
          "text": "timcxlab@gmail.com",
          "alias": "email",
          "meta": "@sys.email",
          "userDefined": true
        }
      ],
      "isTemplate": false,
      "count": 1
    }
  ],
  "responses": [
    {
      "resetContexts": false,
      "affectedContexts": [
        {
          "name": "transferAmount",
          "lifespan": 5
        }
      ],
      "parameters": [
        {
          "dataType": "@sys.given-name",
          "name": "username",
          "value": "$username"
        },
        {
          "dataType": "@sys.email",
          "name": "email",
          "value": "$email"
        }
      ],
      "speech": [
        "Perfect! How much money do you want to transfer to $username?",
        "Perfect! How much money do you want to transfer to $email?"
      ]
    }
  ],
  "state": "LEARNED",
  "priority": 500000,
  "webhookUsed": false,
  "fallbackIntent": false
}