{
  "id": "fbf792c8-9c0d-42c3-beae-cea08181e397",
  "name": "sendMoney",
  "auto": true,
  "contexts": [
    "transferAmount"
  ],
  "userSays": [
    {
      "id": "3f57a701-6e39-4629-a603-2959fac208b8",
      "data": [
        {
          "text": "@sys.number:number"
        }
      ],
      "isTemplate": true,
      "count": 0
    },
    {
      "id": "2fea720a-3039-4f68-84da-a0e703c94cae",
      "data": [
        {
          "text": "@sys.number:number @sys.currency-name:currency"
        }
      ],
      "isTemplate": true,
      "count": 0
    }
  ],
  "responses": [
    {
      "resetContexts": false,
      "affectedContexts": [],
      "parameters": [
        {
          "dataType": "@sys.number",
          "name": "number",
          "value": "$number"
        },
        {
          "dataType": "@sys.currency-name",
          "name": "currency",
          "value": "$currency"
        }
      ],
      "speech": "Congratulations! Your money is now in other hands! Jojojojojo"
    }
  ],
  "state": "LEARNED",
  "priority": 500000,
  "webhookUsed": false,
  "fallbackIntent": false
}