{
  "id": "a2055338-31ef-46cc-81b3-881decfdfb8f",
  "name": "transaction-toWho",
  "auto": true,
  "contexts": [],
  "userSays": [
    {
      "id": "695db25a-1cfd-43e0-b520-553652b28050",
      "data": [
        {
          "text": "I want to "
        },
        {
          "text": "send",
          "alias": "transaction-type",
          "meta": "@transaction-type",
          "userDefined": true
        },
        {
          "text": " some money"
        }
      ],
      "isTemplate": false,
      "count": 0
    },
    {
      "id": "80d8a55b-08b7-485c-b6fb-560ac36deeb6",
      "data": [
        {
          "text": "Do a "
        },
        {
          "text": "transaction",
          "alias": "transaction-type",
          "meta": "@transaction-type",
          "userDefined": true
        }
      ],
      "isTemplate": false,
      "count": 0
    },
    {
      "id": "2aef26d3-c7a7-4e3d-9111-9a7333ae1736",
      "data": [
        {
          "text": "Do a "
        },
        {
          "text": "transfer",
          "alias": "transaction-type",
          "meta": "@transaction-type",
          "userDefined": true
        }
      ],
      "isTemplate": false,
      "count": 0
    },
    {
      "id": "8a5b1c88-29fd-44d2-a1f4-ae64696e4e51",
      "data": [
        {
          "text": "I want to do a "
        },
        {
          "text": "transfer",
          "alias": "transaction-type",
          "meta": "@transaction-type",
          "userDefined": true
        }
      ],
      "isTemplate": false,
      "count": 0
    },
    {
      "id": "adc151d2-350a-43a0-9138-95b4b62df58a",
      "data": [
        {
          "text": "I want to make a "
        },
        {
          "text": "transaction",
          "alias": "transaction-type",
          "meta": "@transaction-type",
          "userDefined": true
        }
      ],
      "isTemplate": false,
      "count": 1
    }
  ],
  "responses": [
    {
      "resetContexts": false,
      "affectedContexts": [
        {
          "name": "contact",
          "lifespan": 5
        }
      ],
      "parameters": [
        {
          "dataType": "@transaction-type",
          "name": "transaction-type",
          "value": "$transaction-type"
        }
      ],
      "speech": "Sure! For making the $transaction-type, please tell me which contact from your bank agenda do you want to choose. It can be an email also :)"
    }
  ],
  "state": "LEARNED",
  "priority": 500000,
  "webhookUsed": false,
  "fallbackIntent": false
}