{
  "id": "8b71e84c-9809-4ddb-83c3-ee9f169b8e35",
  "name": "transfer-transfer-type",
  "auto": true,
  "contexts": [],
  "userSays": [
    {
      "id": "9f0d7a06-77ad-48c8-9d2f-d17d5f4e45df",
      "data": [
        {
          "text": "I want to transfer @sys.number:amount @sys.currency-name:currency to @sys.given-name:username"
        }
      ],
      "isTemplate": true,
      "count": 0
    },
    {
      "id": "c4cdaa2e-8546-4dc3-a687-d5aab1cb2848",
      "data": [
        {
          "text": "Transfer @sys.number:amount to @sys.given-name:username"
        }
      ],
      "isTemplate": true,
      "count": 0
    },
    {
      "id": "11b977b3-f311-48d3-9110-9666ad9e6ffe",
      "data": [
        {
          "text": "I want to transfer @sys.number:amount to @sys.given-name:username"
        }
      ],
      "isTemplate": true,
      "count": 0
    },
    {
      "id": "49e2331f-2694-42ff-95e7-4a2f5f8db7df",
      "data": [
        {
          "text": "I want to "
        },
        {
          "text": "transfer",
          "alias": "transaction-type",
          "meta": "@transaction-type",
          "userDefined": true
        },
        {
          "text": " "
        },
        {
          "text": "20",
          "alias": "amount",
          "meta": "@sys.number",
          "userDefined": true
        },
        {
          "text": " "
        },
        {
          "text": "€",
          "alias": "currency",
          "meta": "@sys.currency-name",
          "userDefined": true
        },
        {
          "text": " to "
        },
        {
          "text": "Monica",
          "alias": "username",
          "meta": "@sys.given-name",
          "userDefined": true
        }
      ],
      "isTemplate": false,
      "count": 3
    },
    {
      "id": "16787996-db48-444d-be40-09935b939482",
      "data": [
        {
          "text": "I want to "
        },
        {
          "text": "transfer",
          "alias": "transaction-type",
          "meta": "@transaction-type",
          "userDefined": true
        },
        {
          "text": " "
        },
        {
          "text": "20",
          "alias": "amount",
          "meta": "@sys.number",
          "userDefined": true
        },
        {
          "text": " to "
        },
        {
          "text": "Monica",
          "alias": "username",
          "meta": "@sys.given-name",
          "userDefined": true
        }
      ],
      "isTemplate": false,
      "count": 2
    }
  ],
  "responses": [
    {
      "resetContexts": false,
      "action": "",
      "affectedContexts": [],
      "parameters": [
        {
          "dataType": "@sys.number",
          "name": "amount",
          "value": "$amount"
        },
        {
          "dataType": "@sys.given-name",
          "name": "username",
          "value": "$username"
        },
        {
          "dataType": "@transaction-type",
          "name": "transaction-type",
          "value": "$transaction-type"
        },
        {
          "dataType": "@sys.currency-name",
          "name": "currency",
          "value": "$currency"
        }
      ],
      "speech": "Right now we will transfer $amount € to $username . Thank You!"
    }
  ],
  "state": "LEARNED",
  "priority": 500000,
  "webhookUsed": false,
  "fallbackIntent": false
}